language	country	num_results	lang_gdp	lang_pop	country_gdp	country_pop	distance
ru	AO	1370	15434.3521458	169970806.32	5894.617	18056072.0	10747.0613828
ru	BI	119	15434.3521458	169970806.32	614.52	10557259.0	9258.06025115
ru	BJ	87	15434.3521458	169970806.32	1481.063	9598787.0	9523.09137754
ru	BF	162	15434.3521458	169970806.32	1466.143	17275115.0	9413.79789027
ru	BW	206	15434.3521458	169970806.32	16029.809	2098018.0	11373.8251029
ru	CF	12	15434.3521458	169970806.32	767.615	5057208.0	8725.90034146
ru	CI	950	15434.3521458	169970806.32	1589.83	21952093.0	10059.2647818
ru	CM	1750	15434.3521458	169970806.32	2257.125	20129878.0	9321.83501181
ru	CG	455	15434.3521458	169970806.32	4589.098	4366266.0	9829.30399951
ru	ER	108	15434.3521458	169970806.32	735.471	6086495.0	6976.69657282
ru	ET	1160	15434.3521458	169970806.32	1092.629	93815992.0	7711.60662425
ru	GA	146	15434.3521458	169970806.32	1943.429	1840454.0	10009.71181
ru	GH	2790	15434.3521458	169970806.32	3083.293	25241998.0	9898.62092959
ru	GN	539	15434.3521458	169970806.32	1082.635	10884958.0	10027.3994624
ru	GA	71	15434.3521458	169970806.32	1943.429	1840454.0	10009.71181
ru	GW	31	15434.3521458	169970806.32	1144.064	1628603.0	10180.448095
ru	KE	1860	15434.3521458	169970806.32	1745.962	43013341.0	8401.57625377
ru	LR	1220	15434.3521458	169970806.32	456.442	3887886.0	10443.0658207
ru	LS	53	15434.3521458	169970806.32	1959.77	1930493.0	11886.9204617
ru	MG	191	15434.3521458	169970806.32	933.598	22585517.0	10096.325167
ru	ML	614	15434.3521458	169970806.32	1127.518	14533511.0	9131.44655087
ru	MZ	178	15434.3521458	169970806.32	1084.899	23515934.0	10460.5315801
ru	MR	135	15434.3521458	169970806.32	2178.628	3359185.0	9242.85397608
ru	MU	127	15434.3521458	169970806.32	14954.0	1313095.0	9719.03463707
ru	MW	143	15434.3521458	169970806.32	859.851	16323044.0	10038.8561442
ru	NA	175	15434.3521458	169970806.32	7363.177	2165828.0	11739.2636116
ru	NE	781	15434.3521458	169970806.32	771.08	17078839.0	8584.41589904
ru	NG	4640	15434.3521458	169970806.32	2578.249	170123740.0	9159.27683146
ru	RW	188	15434.3521458	169970806.32	1340.532	11689696.0	9111.13426593
ru	SD	2600	15434.3521458	169970806.32	2726.416	34206710.0	7366.5553748
ru	SN	88	15434.3521458	169970806.32	1870.988	12969606.0	9933.04021128
ru	SL	604	15434.3521458	169970806.32	848.816	5485998.0	10350.0869413
ru	TD	1210	15434.3521458	169970806.32	1865.12	10975648.0	8070.91012476
ru	TZ	589	15434.3521458	169970806.32	1514.885	43601796.0	9246.47032495
ru	UG	803	15434.3521458	169970806.32	1317.258	35873253.0	8561.30007537
ru	ZA	5000	15434.3521458	169970806.32	10973.006	48810427.0	12043.9475552
ru	CD	472	15434.3521458	169970806.32	348.098	73599190.0	9183.63865497
ru	ZM	141	15434.3521458	169970806.32	1610.722	14309466.0	10386.6603711
ru	ZW	1120	15434.3521458	169970806.32	487.197	12619600.0	10828.8975152
ru	AF	25500	15434.3521458	169970806.32	956.448	30419928.0	3891.22268016
ru	BD	1360	15434.3521458	169970806.32	1692.957	161083804.0	4078.9138727
ru	BT	161	15434.3521458	169970806.32	6112.043	716896.0	3686.48570021
ru	IN	15900	15434.3521458	169970806.32	3693.529	1205073612.0	4807.68551882
ru	LK	753	15434.3521458	169970806.32	5673.689	21481334.0	6108.29284911
ru	NP	1260	15434.3521458	169970806.32	1327.999	29890686.0	3760.00733157
ru	PK	8330	15434.3521458	169970806.32	2786.946	190291129.0	4015.15016384
ru	CA	18400	15434.3521458	169970806.32	40541.093	34300083.0	6602.28903282
ru	US	146212	15434.3521458	169970806.32	48386.686	313847465.0	8787.8231298
ru	AE	4210	15434.3521458	169970806.32	48157.836	5314317.0	5335.47510556
ru	DZ	3110	15434.3521458	169970806.32	7333.226	35406303.0	7713.0138905
ru	EG	5280	15434.3521458	169970806.32	6539.844	83688164.0	6333.26393367
ru	IR	28300	15434.3521458	169970806.32	13053.422	78868711.0	4624.19267257
ru	IQ	12500	15434.3521458	169970806.32	3885.623	31129225.0	5013.86492909
ru	IL	32400	15434.3521458	169970806.32	30975.092	7590758.0	5659.09935038
ru	JO	2200	15434.3521458	169970806.32	5899.677	6508887.0	5634.95442048
ru	KW	1810	15434.3521458	169970806.32	41690.642	2646314.0	5132.35582485
ru	LB	4050	15434.3521458	169970806.32	15522.766	4140289.0	5389.99197026
ru	LY	2800	15434.3521458	169970806.32	5786.653	6733620.0	7239.74183762
ru	MA	2110	15434.3521458	169970806.32	5052.25	32309239.0	7737.4754436
ru	OM	913	15434.3521458	169970806.32	26519.429	3090150.0	5486.60516643
ru	QA	4010	15434.3521458	169970806.32	102943.321	1951591.0	5328.2109811
ru	SA	5510	15434.3521458	169970806.32	24237.401	26534504.0	5700.58555058
ru	TN	1450	15434.3521458	169970806.32	9477.511	10732900.0	6841.48934049
ru	YE	2400	15434.3521458	169970806.32	2306.695	24771809.0	6490.13521944
ru	AR	10400	15434.3521458	169970806.32	17516.147	42192494.0	16904.0674825
ru	BO	1050	15434.3521458	169970806.32	4789.212	10290003.0	15088.1269995
ru	BR	18600	15434.3521458	169970806.32	11769.411	205716890.0	14085.0977369
ru	CL	7100	15434.3521458	169970806.32	17221.689	17067369.0	16617.1395944
ru	CO	4650	15434.3521458	169970806.32	10248.589	45239079.0	12868.2870719
ru	CR	113	15434.3521458	169970806.32	11927.454	4636348.0	12227.148723
ru	DO	1910	15434.3521458	169970806.32	9286.724	10088598.0	11193.6053827
ru	EC	2420	15434.3521458	169970806.32	8492.429	15223680.0	13566.4661967
ru	GT	1030	15434.3521458	169970806.32	5069.694	14099032.0	11572.9518805
ru	HN	1400	15434.3521458	169970806.32	4345.148	8296693.0	11658.6579846
ru	HT	6700	15434.3521458	169970806.32	1234.953	9801664.0	11207.3799894
ru	JM	829	15434.3521458	169970806.32	9029.301	2889187.0	11314.6937381
ru	MX	9100	15434.3521458	169970806.32	14609.77	114975406.0	10574.5100515
ru	NI	1570	15434.3521458	169970806.32	3205.615	5727707.0	11889.2411509
ru	PA	1400	15434.3521458	169970806.32	14096.703	3510045.0	12346.5114885
ru	PE	2960	15434.3521458	169970806.32	10062.44	29549517.0	14449.9060299
ru	PY	1870	15434.3521458	169970806.32	5412.699	6541591.0	15562.2187775
ru	SV	766	15434.3521458	169970806.32	7549.79	6090646.0	11770.0028277
ru	UY	4000	15434.3521458	169970806.32	15112.562	3316328.0	16543.4875314
ru	VE	8800	15434.3521458	169970806.32	12568.029	28047938.0	12356.9663349
ru	AL	1800	15434.3521458	169970806.32	7741.428	3002859.0	5636.80005692
ru	AM	48100	15434.3521458	169970806.32	5384.089	2970495.0	4345.88711612
ru	AT	12100	15434.3521458	169970806.32	41822.0	8219743.0	5446.54072758
ru	AZ	44800	15434.3521458	169970806.32	10201.604	9493600.0	4165.48245598
ru	BE	13700	15434.3521458	169970806.32	37736.857	10438353.0	5597.65018411
ru	BG	12100	15434.3521458	169970806.32	13597.403	7037935.0	5199.21551726
ru	BA	638	15434.3521458	169970806.32	8133.004	4622292.0	5475.06035406
ru	BY	44900	15434.3521458	169970806.32	15028.295	9542883.0	4261.66735129
ru	CH	18200	15434.3521458	169970806.32	43369.711	7655628.0	5736.83716986
ru	CZ	13600	15434.3521458	169970806.32	27062.243	10177300.0	5165.32342759
ru	DE	77100	15434.3521458	169970806.32	37896.948	81305856.0	5241.06606473
ru	DK	9170	15434.3521458	169970806.32	37151.508	5543453.0	4906.68880348
ru	ES	35600	15434.3521458	169970806.32	30625.747	47042984.0	6935.61378527
ru	EE	12600	15434.3521458	169970806.32	20379.764	1274709.0	3957.48502672
ru	FI	16900	15434.3521458	169970806.32	36235.97	5262930.0	3669.137482
ru	FR	61000	15434.3521458	169970806.32	35156.451	65630692.0	6109.45862128
ru	GB	50000	15434.3521458	169970806.32	36089.595	63047162.0	5671.00069872
ru	GE	46500	15434.3521458	169970806.32	5491.091	4570934.0	4262.24481999
ru	GR	27700	15434.3521458	169970806.32	26293.949	10767827.0	5701.5680094
ru	HR	5080	15434.3521458	169970806.32	18191.682	4480043.0	5518.51312376
ru	HU	10900	15434.3521458	169970806.32	19591.395	9958453.0	5134.91793555
ru	IE	12100	15434.3521458	169970806.32	39638.6	4722028.0	5920.37536393
ru	IT	36000	15434.3521458	169970806.32	30464.429	61261254.0	5854.44414259
ru	KZ	62800	15434.3521458	169970806.32	13001.396	17522010.0	2444.91336996
ru	KG	10200	15434.3521458	169970806.32	2372.405	5496737.0	2722.02339131
ru	LT	9400	15434.3521458	169970806.32	18856.187	3525761.0	4251.54288738
ru	MK	3120	15434.3521458	169970806.32	10366.766	2082370.0	5458.64408931
ru	NL	12200	15434.3521458	169970806.32	42183.002	16730632.0	5378.57295691
ru	NO	12100	15434.3521458	169970806.32	53470.697	4707270.0	4462.95100197
ru	PL	24900	15434.3521458	169970806.32	20334.191	38415284.0	4740.32551202
ru	PT	13600	15434.3521458	169970806.32	23361.25	10781459.0	7166.36964357
ru	RO	13000	15434.3521458	169970806.32	12476.463	21848504.0	4953.25901026
ru	RU	696000	15434.3521458	169970806.32	16736.048	138082178.0	9.49651002884e-06
ru	RS	7440	15434.3521458	169970806.32	10641.991	7276604.0	5329.68307301
ru	SK	10100	15434.3521458	169970806.32	23303.874	5483088.0	5026.25112645
ru	SI	4760	15434.3521458	169970806.32	28641.568	1996617.0	5444.66119024
ru	SE	16800	15434.3521458	169970806.32	40393.561	9103788.0	4256.63361377
ru	TJ	14600	15434.3521458	169970806.32	2066.589	7768385.0	3088.36030487
ru	TM	4920	15434.3521458	169970806.32	7846.351	5054828.0	3534.81318667
ru	TR	41700	15434.3521458	169970806.32	14517.446	79749461.0	4986.10603933
ru	UA	207000	15434.3521458	169970806.32	7233.151	44854065.0	4344.70630932
ru	UZ	16000	15434.3521458	169970806.32	3302.102	28394180.0	3186.28541697
ru	AU	17400	15434.3521458	169970806.32	40234.321	22015576.0	9977.52110336
ru	CN	32800	15434.3521458	169970806.32	8382.014	1343239923.0	2804.15645675
ru	HK	5680	15434.3521458	169970806.32	49137.468	7153519.0	4343.32997084
ru	ID	1580	15434.3521458	169970806.32	4666.007	248216193.0	7439.59766568
ru	JP	33600	15434.3521458	169970806.32	34739.655	127368088.0	3795.96371035
ru	KH	1570	15434.3521458	169970806.32	2215.691	14952665.0	5243.93785351
ru	KR	15200	15434.3521458	169970806.32	31713.669	48860500.0	3215.57395709
ru	LA	530	15434.3521458	169970806.32	2658.929	6586266.0	4688.8617041
ru	MM	152	15434.3521458	169970806.32	1324.627	54584650.0	4229.65613916
ru	MN	2490	15434.3521458	169970806.32	4743.748	3179997.0	1591.66212757
ru	MY	3540	15434.3521458	169970806.32	15567.932	29179952.0	6484.79484581
ru	NZ	4660	15434.3521458	169970806.32	27668.367	4327944.0	13180.0543573
ru	PH	2730	15434.3521458	169970806.32	4072.879	103775002.0	5530.3480997
ru	PG	81	15434.3521458	169970806.32	2532.198	6310129.0	8409.5217717
ru	SG	6840	15434.3521458	169970806.32	59711.239	5353494.0	6529.97501294
ru	TH	9040	15434.3521458	169970806.32	9396.242	67091089.0	5005.34249533
ru	VN	5570	15434.3521458	169970806.32	3358.671	91519289.0	4916.67228261
ru	TW	3580	15434.3521458	169970806.32	37719.617	23113901.0	4322.4219462
fr	AO	9220	10881.8432705	305491351.272	5894.617	18056072.0	1564.45848141
fr	BI	2040	10881.8432705	305491351.272	614.52	10557259.0	678.582939624
fr	BJ	5700	10881.8432705	305491351.272	1481.063	9598787.0	2731.39017154
fr	BF	15200	10881.8432705	305491351.272	1466.143	17275115.0	3309.4565019
fr	BW	979	10881.8432705	305491351.272	16029.809	2098018.0	2449.45762665
fr	CF	2130	10881.8432705	305491351.272	767.615	5057208.0	896.213549531
fr	CI	35950	10881.8432705	305491351.272	1589.83	21952093.0	3442.80033359
fr	CM	15600	10881.8432705	305491351.272	2257.125	20129878.0	1590.15741873
fr	CG	4155	10881.8432705	305491351.272	4589.098	4366266.0	1117.78968167
fr	ER	552	10881.8432705	305491351.272	735.471	6086495.0	2269.97129724
fr	ET	2370	10881.8432705	305491351.272	1092.629	93815992.0	1693.82457273
fr	GA	7890	10881.8432705	305491351.272	1943.429	1840454.0	1477.91179991
fr	GH	9090	10881.8432705	305491351.272	3083.293	25241998.0	3122.736805
fr	GN	11700	10881.8432705	305491351.272	1082.635	10884958.0	4057.26265073
fr	GA	1380	10881.8432705	305491351.272	1943.429	1840454.0	1477.91179991
fr	GW	1360	10881.8432705	305491351.272	1144.064	1628603.0	4612.68223577
fr	KE	3790	10881.8432705	305491351.272	1745.962	43013341.0	1450.18614092
fr	LR	1270	10881.8432705	305491351.272	456.442	3887886.0	3896.6366518
fr	LS	170	10881.8432705	305491351.272	1959.77	1930493.0	3299.35142623
fr	MG	5420	10881.8432705	305491351.272	933.598	22585517.0	3269.45579445
fr	ML	11200	10881.8432705	305491351.272	1127.518	14533511.0	3697.03378195
fr	MZ	1880	10881.8432705	305491351.272	1084.899	23515934.0	2305.574076
fr	MR	5810	10881.8432705	305491351.272	2178.628	3359185.0	4601.43677413
fr	MU	9870	10881.8432705	305491351.272	14954.0	1313095.0	4203.25302919
fr	MW	2380	10881.8432705	305491351.272	859.851	16323044.0	1799.52900197
fr	NA	1050	10881.8432705	305491351.272	7363.177	2165828.0	2596.25630925
fr	NE	7540	10881.8432705	305491351.272	771.08	17078839.0	2578.52874485
fr	NG	9390	10881.8432705	305491351.272	2578.249	170123740.0	2185.43915886
fr	RW	4850	10881.8432705	305491351.272	1340.532	11689696.0	598.886048592
fr	SD	5960	10881.8432705	305491351.272	2726.416	34206710.0	1862.38212143
fr	SN	18300	10881.8432705	305491351.272	1870.988	12969606.0	4566.7160047
fr	SL	1570	10881.8432705	305491351.272	848.816	5485998.0	4153.56405298
fr	TD	3420	10881.8432705	305491351.272	1865.12	10975648.0	1794.12430197
fr	TG	7190	10881.8432705	305491351.272	898.663	6961049.0	2788.05180925
fr	TZ	2940	10881.8432705	305491351.272	1514.885	43601796.0	1295.40237291
fr	UG	2610	10881.8432705	305491351.272	1317.258	35873253.0	917.049131533
fr	ZA	49100	10881.8432705	305491351.272	10973.006	48810427.0	3338.57580866
fr	CD	4263	10881.8432705	305491351.272	348.098	73599190.0	9.49651002884e-06
fr	ZM	2100	10881.8432705	305491351.272	1610.722	14309466.0	1756.67768851
fr	ZW	2100	10881.8432705	305491351.272	487.197	12619600.0	2157.99916833
fr	AF	18400	10881.8432705	305491351.272	956.448	30419928.0	5642.87788295
fr	BD	1080	10881.8432705	305491351.272	1692.957	161083804.0	7484.55914659
fr	BT	89	10881.8432705	305491351.272	6112.043	716896.0	7610.0887225
fr	IN	15700	10881.8432705	305491351.272	3693.529	1205073612.0	6079.00005668
fr	LK	1020	10881.8432705	305491351.272	5673.689	21481334.0	6260.85808
fr	NP	807	10881.8432705	305491351.272	1327.999	29890686.0	7002.03426947
fr	PK	10200	10881.8432705	305491351.272	2786.946	190291129.0	5810.50812834
fr	CA	68400	10881.8432705	305491351.272	40541.093	34300083.0	11670.5568225
fr	US	127475	10881.8432705	305491351.272	48386.686	313847465.0	12806.4887351
fr	AE	3730	10881.8432705	305491351.272	48157.836	5314317.0	4111.5909483
fr	DZ	38400	10881.8432705	305491351.272	7333.226	35406303.0	3898.56614917
fr	EG	13800	10881.8432705	305491351.272	6539.844	83688164.0	3050.45777034
fr	IR	12200	10881.8432705	305491351.272	13053.422	78868711.0	4617.70841561
fr	IQ	11200	10881.8432705	305491351.272	3885.623	31129225.0	4175.04024577
fr	IL	21800	10881.8432705	305491351.272	30975.092	7590758.0	3651.18368439
fr	JO	3290	10881.8432705	305491351.272	5899.677	6508887.0	3638.3013837
fr	KW	2070	10881.8432705	305491351.272	41690.642	2646314.0	4072.87788541
fr	LB	5750	10881.8432705	305491351.272	15522.766	4140289.0	3929.50970858
fr	LY	9680	10881.8432705	305491351.272	5786.653	6733620.0	2910.91011907
fr	MA	27200	10881.8432705	305491351.272	5052.25	32309239.0	4754.05487599
fr	OM	1320	10881.8432705	305491351.272	26519.429	3090150.0	4188.17657427
fr	QA	6670	10881.8432705	305491351.272	102943.321	1951591.0	3998.9891712
fr	SA	6470	10881.8432705	305491351.272	24237.401	26534504.0	3515.78933933
fr	TN	18600	10881.8432705	305491351.272	9477.511	10732900.0	4133.6144796
fr	YE	3330	10881.8432705	305491351.272	2306.695	24771809.0	3013.40994602
fr	AR	14900	10881.8432705	305491351.272	17516.147	42192494.0	9918.47274378
fr	BO	1600	10881.8432705	305491351.272	4789.212	10290003.0	10010.6849907
fr	BR	24300	10881.8432705	305491351.272	11769.411	205716890.0	8915.45466051
fr	CL	7980	10881.8432705	305491351.272	17221.689	17067369.0	10588.3872349
fr	CO	7020	10881.8432705	305491351.272	10248.589	45239079.0	10787.3877129
fr	CR	2430	10881.8432705	305491351.272	11927.454	4636348.0	12090.743776
fr	DO	2180	10881.8432705	305491351.272	9286.724	10088598.0	10606.5443039
fr	EC	2320	10881.8432705	305491351.272	8492.429	15223680.0	11400.1972427
fr	GT	1030	10881.8432705	305491351.272	5069.694	14099032.0	12710.3556325
fr	HN	2030	10881.8432705	305491351.272	4345.148	8296693.0	12316.8092938
fr	HT	19500	10881.8432705	305491351.272	1234.953	9801664.0	10790.46266
fr	JM	1150	10881.8432705	305491351.272	9029.301	2889187.0	11330.0759756
fr	MX	23500	10881.8432705	305491351.272	14609.77	114975406.0	13752.4622959
fr	NI	726	10881.8432705	305491351.272	3205.615	5727707.0	12175.9306409
fr	PA	1120	10881.8432705	305491351.272	14096.703	3510045.0	11658.1178502
fr	PE	2100	10881.8432705	305491351.272	10062.44	29549517.0	11215.3985888
fr	PY	3180	10881.8432705	305491351.272	5412.699	6541591.0	9293.84049498
fr	SV	102	10881.8432705	305491351.272	7549.79	6090646.0	12589.1850325
fr	UY	7910	10881.8432705	305491351.272	15112.562	3316328.0	9172.14921978
fr	VE	3010	10881.8432705	305491351.272	12568.029	28047938.0	10120.8322345
fr	AL	1070	10881.8432705	305491351.272	7741.428	3002859.0	4588.25116077
fr	AM	1150	10881.8432705	305491351.272	5384.089	2970495.0	4889.46403397
fr	AT	7950	10881.8432705	305491351.272	41822.0	8219743.0	5385.19183045
fr	AZ	1680	10881.8432705	305491351.272	10201.604	9493600.0	5046.5178141
fr	BE	31000	10881.8432705	305491351.272	37736.857	10438353.0	5991.87338097
fr	BG	3870	10881.8432705	305491351.272	13597.403	7037935.0	4782.88282887
fr	BA	1300	10881.8432705	305491351.272	8133.004	4622292.0	4972.82222708
fr	BY	2960	10881.8432705	305491351.272	15028.295	9542883.0	5901.76012567
fr	CH	62900	10881.8432705	305491351.272	43369.711	7655628.0	5482.79119501
fr	CZ	4340	10881.8432705	305491351.272	27062.243	10177300.0	5615.20933737
fr	DE	64000	10881.8432705	305491351.272	37896.948	81305856.0	5888.22741629
fr	DK	8310	10881.8432705	305491351.272	37151.508	5543453.0	6374.23774773
fr	ES	55800	10881.8432705	305491351.272	30625.747	47042984.0	5331.59327926
fr	EE	1630	10881.8432705	305491351.272	20379.764	1274709.0	6563.14336312
fr	FI	4930	10881.8432705	305491351.272	36235.97	5262930.0	7119.18273028
fr	FR	556000	10881.8432705	305491351.272	35156.451	65630692.0	5589.32067539
fr	GB	18500	10881.8432705	305491351.272	36089.595	63047162.0	6569.61737563
fr	GE	3660	10881.8432705	305491351.272	5491.091	4570934.0	5026.61651356
fr	GR	24200	10881.8432705	305491351.272	26293.949	10767827.0	4348.737815
fr	HR	3570	10881.8432705	305491351.272	18191.682	4480043.0	5110.19718973
fr	HU	6100	10881.8432705	305491351.272	19591.395	9958453.0	5250.37951565
fr	IE	16100	10881.8432705	305491351.272	39638.6	4722028.0	6638.96739165
fr	IT	42600	10881.8432705	305491351.272	30464.429	61261254.0	4916.79568261
fr	KZ	2490	10881.8432705	305491351.272	13001.396	17522010.0	6751.73349935
fr	KG	771	10881.8432705	305491351.272	2372.405	5496737.0	6782.77280874
fr	LT	1780	10881.8432705	305491351.272	18856.187	3525761.0	6229.52534229
fr	MK	621	10881.8432705	305491351.272	10366.766	2082370.0	4662.86331696
fr	NL	19300	10881.8432705	305491351.272	42183.002	16730632.0	6108.7007594
fr	NO	8900	10881.8432705	305491351.272	53470.697	4707270.0	7011.16819976
fr	PL	8910	10881.8432705	305491351.272	20334.191	38415284.0	5802.8765071
fr	PT	21800	10881.8432705	305491351.272	23361.25	10781459.0	5525.20543376
fr	RO	7320	10881.8432705	305491351.272	12476.463	21848504.0	5116.57232856
fr	RU	54800	10881.8432705	305491351.272	16736.048	138082178.0	9183.63865497
fr	RS	13100	10881.8432705	305491351.272	10641.991	7276604.0	4910.16762882
fr	SK	4230	10881.8432705	305491351.272	23303.874	5483088.0	5438.94563501
fr	SI	4520	10881.8432705	305491351.272	28641.568	1996617.0	5233.41622383
fr	SE	10600	10881.8432705	305491351.272	40393.561	9103788.0	6947.62033961
fr	TJ	512	10881.8432705	305491351.272	2066.589	7768385.0	6376.4178407
fr	TM	180	10881.8432705	305491351.272	7846.351	5054828.0	5687.57928336
fr	TR	16400	10881.8432705	305491351.272	14517.446	79749461.0	4460.44997962
fr	UA	5520	10881.8432705	305491351.272	7233.151	44854065.0	5491.44052261
fr	UZ	1050	10881.8432705	305491351.272	3302.102	28394180.0	6056.4575556
fr	AU	20900	10881.8432705	305491351.272	40234.321	22015576.0	12019.2460869
fr	CN	51700	10881.8432705	305491351.272	8382.014	1343239923.0	9101.07713892
fr	HK	5760	10881.8432705	305491351.272	49137.468	7153519.0	9924.89569541
fr	ID	4250	10881.8432705	305491351.272	4666.007	248216193.0	10564.7124836
fr	JP	33400	10881.8432705	305491351.272	34739.655	127368088.0	12060.3975622
fr	KH	1440	10881.8432705	305491351.272	2215.691	14952665.0	8927.1764645
fr	KR	16200	10881.8432705	305491351.272	31713.669	48860500.0	11117.8595945
fr	LA	772	10881.8432705	305491351.272	2658.929	6586266.0	8953.34490714
fr	MM	598	10881.8432705	305491351.272	1324.627	54584650.0	8261.18636055
fr	MN	846	10881.8432705	305491351.272	4743.748	3179997.0	9240.05785234
fr	MY	3150	10881.8432705	305491351.272	15567.932	29179952.0	9732.87524083
fr	NZ	6380	10881.8432705	305491351.272	27668.367	4327944.0	14411.8757223
fr	PH	2140	10881.8432705	305491351.272	4072.879	103775002.0	10769.2420852
fr	PG	166	10881.8432705	305491351.272	2532.198	6310129.0	13548.247479
fr	SG	5730	10881.8432705	305491351.272	59711.239	5353494.0	8765.26982005
fr	TH	4840	10881.8432705	305491351.272	9396.242	67091089.0	8400.35372464
fr	VN	5430	10881.8432705	305491351.272	3358.671	91519289.0	9245.2159987
fr	TW	1520	10881.8432705	305491351.272	37719.617	23113901.0	10620.1810371
zh-zh-TW	AO	917	9163.33897438	1375642862.38	5894.617	18056072.0	10491.1672635
zh-zh-TW	BI	140	9163.33897438	1375642862.38	614.52	10557259.0	8879.27487339
zh-zh-TW	BJ	203	9163.33897438	1375642862.38	1481.063	9598787.0	10544.3332686
zh-zh-TW	BF	163	9163.33897438	1375642862.38	1466.143	17275115.0	10676.8048281
zh-zh-TW	BW	186	9163.33897438	1375642862.38	16029.809	2098018.0	10623.7748756
zh-zh-TW	CF	2600	9163.33897438	1375642862.38	767.615	5057208.0	9019.59467056
zh-zh-TW	CI	1950	9163.33897438	1375642862.38	1589.83	21952093.0	11278.4202498
zh-zh-TW	CM	1490	9163.33897438	1375642862.38	2257.125	20129878.0	9900.30669423
zh-zh-TW	CG	105	9163.33897438	1375642862.38	4589.098	4366266.0	10074.4816285
zh-zh-TW	ER	78	9163.33897438	1375642862.38	735.471	6086495.0	6890.42132099
zh-zh-TW	ET	1080	9163.33897438	1375642862.38	1092.629	93815992.0	7410.4632083
zh-zh-TW	GA	125	9163.33897438	1375642862.38	1943.429	1840454.0	10370.5889604
zh-zh-TW	GH	2300	9163.33897438	1375642862.38	3083.293	25241998.0	11017.5948965
zh-zh-TW	GN	1020	9163.33897438	1375642862.38	1082.635	10884958.0	11492.2348213
zh-zh-TW	GA	42	9163.33897438	1375642862.38	1943.429	1840454.0	10370.5889604
zh-zh-TW	GW	63	9163.33897438	1375642862.38	1144.064	1628603.0	11828.4185271
zh-zh-TW	KE	1940	9163.33897438	1375642862.38	1745.962	43013341.0	7867.22149874
zh-zh-TW	LR	594	9163.33897438	1375642862.38	456.442	3887886.0	11770.1183474
zh-zh-TW	LS	71	9163.33897438	1375642862.38	1959.77	1930493.0	10771.0871283
zh-zh-TW	MG	232	9163.33897438	1375642862.38	933.598	22585517.0	8651.03067229
zh-zh-TW	ML	2320	9163.33897438	1375642862.38	1127.518	14533511.0	10568.0079465
zh-zh-TW	MZ	534	9163.33897438	1375642862.38	1084.899	23515934.0	9459.0473672
zh-zh-TW	MR	111	9163.33897438	1375642862.38	2178.628	3359185.0	10991.4368869
zh-zh-TW	MU	215	9163.33897438	1375642862.38	14954.0	1313095.0	7928.97586076
zh-zh-TW	MW	167	9163.33897438	1375642862.38	859.851	16323044.0	9209.25742386
zh-zh-TW	NA	153	9163.33897438	1375642862.38	7363.177	2165828.0	11218.3121588
zh-zh-TW	NE	202	9163.33897438	1375642862.38	771.08	17078839.0	9614.43191716
zh-zh-TW	NG	3260	9163.33897438	1375642862.38	2578.249	170123740.0	10002.4790123
zh-zh-TW	RW	140	9163.33897438	1375642862.38	1340.532	11689696.0	8780.29718287
zh-zh-TW	SD	2260	9163.33897438	1375642862.38	2726.416	34206710.0	7650.74164389
zh-zh-TW	SN	261	9163.33897438	1375642862.38	1870.988	12969606.0	11598.4867518
zh-zh-TW	SL	154	9163.33897438	1375642862.38	848.816	5485998.0	11797.4690144
zh-zh-TW	TD	130	9163.33897438	1375642862.38	1865.12	10975648.0	8703.7027186
zh-zh-TW	TG	11400	9163.33897438	1375642862.38	898.663	6961049.0	10739.5946661
zh-zh-TW	TZ	745	9163.33897438	1375642862.38	1514.885	43601796.0	8605.70554583
zh-zh-TW	UG	646	9163.33897438	1375642862.38	1317.258	35873253.0	8248.51762075
zh-zh-TW	ZA	22000	9163.33897438	1375642862.38	10973.006	48810427.0	10979.4564632
zh-zh-TW	CD	69	9163.33897438	1375642862.38	348.098	73599190.0	9101.07713892
zh-zh-TW	ZM	246	9163.33897438	1375642862.38	1610.722	14309466.0	9651.46863599
zh-zh-TW	ZW	765	9163.33897438	1375642862.38	487.197	12619600.0	10006.631984
zh-zh-TW	AF	9760	9163.33897438	1375642862.38	956.448	30419928.0	3580.43770084
zh-zh-TW	BD	1410	9163.33897438	1375642862.38	1692.957	161083804.0	1894.74822448
zh-zh-TW	BT	15800	9163.33897438	1375642862.38	6112.043	716896.0	1608.92339711
zh-zh-TW	IN	24300	9163.33897438	1375642862.38	3693.529	1205073612.0	3209.7906762
zh-zh-TW	LK	1340	9163.33897438	1375642862.38	5673.689	21481334.0	3964.6480484
zh-zh-TW	NP	1460	9163.33897438	1375642862.38	1327.999	29890686.0	2133.08034916
zh-zh-TW	PK	8410	9163.33897438	1375642862.38	2786.946	190291129.0	3312.92342285
zh-zh-TW	CA	20500	9163.33897438	1375642862.38	40541.093	34300083.0	9280.27320419
zh-zh-TW	US	839000	9163.33897438	1375642862.38	48386.686	313847465.0	11353.7720619
zh-zh-TW	AE	3060	9163.33897438	1375642862.38	48157.836	5314317.0	5031.16813877
zh-zh-TW	DZ	1560	9163.33897438	1375642862.38	7333.226	35406303.0	9251.12632295
zh-zh-TW	EG	4380	9163.33897438	1375642862.38	6539.844	83688164.0	7040.96641117
zh-zh-TW	IR	10600	9163.33897438	1375642862.38	13053.422	78868711.0	4780.23379863
zh-zh-TW	IQ	6420	9163.33897438	1375642862.38	3885.623	31129225.0	5539.26227498
zh-zh-TW	IL	7620	9163.33897438	1375642862.38	30975.092	7590758.0	6407.73448677
zh-zh-TW	JO	2260	9163.33897438	1375642862.38	5899.677	6508887.0	6321.82436969
zh-zh-TW	KW	1420	9163.33897438	1375642862.38	41690.642	2646314.0	5347.58824729
zh-zh-TW	LB	1810	9163.33897438	1375642862.38	15522.766	4140289.0	6212.24801342
zh-zh-TW	LY	934	9163.33897438	1375642862.38	5786.653	6733620.0	8279.51178207
zh-zh-TW	MA	930	9163.33897438	1375642862.38	5052.25	32309239.0	9587.49659655
zh-zh-TW	OM	1130	9163.33897438	1375642862.38	26519.429	3090150.0	4913.11599074
zh-zh-TW	QA	2830	9163.33897438	1375642862.38	102943.321	1951591.0	5209.30208742
zh-zh-TW	SA	2210	9163.33897438	1375642862.38	24237.401	26534504.0	5800.55949763
zh-zh-TW	TN	574	9163.33897438	1375642862.38	9477.511	10732900.0	8401.97432102
zh-zh-TW	YE	1700	9163.33897438	1375642862.38	2306.695	24771809.0	6087.81047202
zh-zh-TW	AR	11200	9163.33897438	1375642862.38	17516.147	42192494.0	19007.4378217
zh-zh-TW	BO	781	9163.33897438	1375642862.38	4789.212	10290003.0	17786.7870338
zh-zh-TW	BR	20700	9163.33897438	1375642862.38	11769.411	205716890.0	16579.3141867
zh-zh-TW	CL	5830	9163.33897438	1375642862.38	17221.689	17067369.0	19350.6293046
zh-zh-TW	CO	4130	9163.33897438	1375642862.38	10248.589	45239079.0	15672.078067
zh-zh-TW	CR	668	9163.33897438	1375642862.38	11927.454	4636348.0	14927.1304975
zh-zh-TW	DO	115	9163.33897438	1375642862.38	9286.724	10088598.0	13997.5348164
zh-zh-TW	EC	850	9163.33897438	1375642862.38	8492.429	15223680.0	16341.6781049
zh-zh-TW	GT	214	9163.33897438	1375642862.38	5069.694	14099032.0	14177.9593805
zh-zh-TW	HN	1010	9163.33897438	1375642862.38	4345.148	8296693.0	14328.8513857
zh-zh-TW	HT	5790	9163.33897438	1375642862.38	1234.953	9801664.0	14008.7605889
zh-zh-TW	JM	806	9163.33897438	1375642862.38	9029.301	2889187.0	14092.4941385
zh-zh-TW	MX	11500	9163.33897438	1375642862.38	14609.77	114975406.0	12969.2235902
zh-zh-TW	NI	138	9163.33897438	1375642862.38	3205.615	5727707.0	14579.0989301
zh-zh-TW	PA	1350	9163.33897438	1375642862.38	14096.703	3510045.0	15099.0764466
zh-zh-TW	PE	1940	9163.33897438	1375642862.38	10062.44	29549517.0	17238.7719414
zh-zh-TW	PY	1990	9163.33897438	1375642862.38	5412.699	6541591.0	17900.9991799
zh-zh-TW	SV	164	9163.33897438	1375642862.38	7549.79	6090646.0	14394.5721825
zh-zh-TW	UY	3320	9163.33897438	1375642862.38	15112.562	3316328.0	18257.9604467
zh-zh-TW	VE	2200	9163.33897438	1375642862.38	12568.029	28047938.0	15145.881158
zh-zh-TW	AL	168	9163.33897438	1375642862.38	7741.428	3002859.0	7176.65064345
zh-zh-TW	AM	218	9163.33897438	1375642862.38	5384.089	2970495.0	5223.94163093
zh-zh-TW	AT	3650	9163.33897438	1375642862.38	41822.0	8219743.0	7349.03284058
zh-zh-TW	AZ	267	9163.33897438	1375642862.38	10201.604	9493600.0	5004.63180863
zh-zh-TW	BE	5440	9163.33897438	1375642862.38	37736.857	10438353.0	7759.18447318
zh-zh-TW	BG	1490	9163.33897438	1375642862.38	13597.403	7037935.0	6708.99016566
zh-zh-TW	BA	509	9163.33897438	1375642862.38	8133.004	4622292.0	7183.29472447
zh-zh-TW	BY	1720	9163.33897438	1375642862.38	15028.295	9542883.0	6153.37444496
zh-zh-TW	CH	12400	9163.33897438	1375642862.38	43369.711	7655628.0	7722.33199823
zh-zh-TW	CZ	114	9163.33897438	1375642862.38	27062.243	10177300.0	7122.9558191
zh-zh-TW	DE	46600	9163.33897438	1375642862.38	37896.948	81305856.0	7326.23241244
zh-zh-TW	DK	6020	9163.33897438	1375642862.38	37151.508	5543453.0	7138.3897004
zh-zh-TW	ES	24800	9163.33897438	1375642862.38	30625.747	47042984.0	8958.24037649
zh-zh-TW	EE	784	9163.33897438	1375642862.38	20379.764	1274709.0	6128.71441824
zh-zh-TW	FI	3230	9163.33897438	1375642862.38	36235.97	5262930.0	6035.82399401
zh-zh-TW	FR	41100	9163.33897438	1375642862.38	35156.451	65630692.0	8171.55770777
zh-zh-TW	GB	195000	9163.33897438	1375642862.38	36089.595	63047162.0	8020.20591215
zh-zh-TW	GE	875	9163.33897438	1375642862.38	5491.091	4570934.0	5294.8511888
zh-zh-TW	GR	13000	9163.33897438	1375642862.38	26293.949	10767827.0	7117.47330275
zh-zh-TW	HR	1760	9163.33897438	1375642862.38	18191.682	4480043.0	7305.81804219
zh-zh-TW	HU	2580	9163.33897438	1375642862.38	19591.395	9958453.0	6905.58490454
zh-zh-TW	IE	5650	9163.33897438	1375642862.38	39638.6	4722028.0	8298.40301741
zh-zh-TW	IT	23700	9163.33897438	1375642862.38	30464.429	61261254.0	7614.14490097
zh-zh-TW	KZ	4050	9163.33897438	1375642862.38	13001.396	17522010.0	3362.64345721
zh-zh-TW	KG	2660	9163.33897438	1375642862.38	2372.405	5496737.0	2698.35012114
zh-zh-TW	LT	1140	9163.33897438	1375642862.38	18856.187	3525761.0	6320.8229525
zh-zh-TW	MK	194	9163.33897438	1375642862.38	10366.766	2082370.0	6986.38083474
zh-zh-TW	NL	14100	9163.33897438	1375642862.38	42183.002	16730632.0	7561.66967652
zh-zh-TW	NO	3610	9163.33897438	1375642862.38	53470.697	4707270.0	6871.32918876
zh-zh-TW	PL	5480	9163.33897438	1375642862.38	20334.191	38415284.0	6703.63563469
zh-zh-TW	PT	8830	9163.33897438	1375642862.38	23361.25	10781459.0	9257.76845047
zh-zh-TW	RO	1930	9163.33897438	1375642862.38	12476.463	21848504.0	6589.51895481
zh-zh-TW	RU	36300	9163.33897438	1375642862.38	16736.048	138082178.0	2804.15645675
zh-zh-TW	RS	3050	9163.33897438	1375642862.38	10641.991	7276604.0	6964.18523201
zh-zh-TW	SK	1740	9163.33897438	1375642862.38	23303.874	5483088.0	6869.78943743
zh-zh-TW	SI	1380	9163.33897438	1375642862.38	28641.568	1996617.0	7276.54837285
zh-zh-TW	SE	7990	9163.33897438	1375642862.38	40393.561	9103788.0	6626.31129321
zh-zh-TW	TJ	983	9163.33897438	1375642862.38	2066.589	7768385.0	3035.01759927
zh-zh-TW	TM	586	9163.33897438	1375642862.38	7846.351	5054828.0	3967.42351593
zh-zh-TW	TR	7000	9163.33897438	1375642862.38	14517.446	79749461.0	6082.78671329
zh-zh-TW	UA	3550	9163.33897438	1375642862.38	7233.151	44854065.0	5988.88604849
zh-zh-TW	UZ	2200	9163.33897438	1375642862.38	3302.102	28394180.0	3630.34661347
zh-zh-TW	AU	24500	9163.33897438	1375642862.38	40234.321	22015576.0	7384.35542188
zh-zh-TW	CN	1760000	9163.33897438	1375642862.38	8382.014	1343239923.0	9.49651002884e-06
zh-zh-TW	HK	322000	9163.33897438	1375642862.38	49137.468	7153519.0	1674.98141073
zh-zh-TW	ID	4350	9163.33897438	1375642862.38	4666.007	248216193.0	4718.19183475
zh-zh-TW	JP	311000	9163.33897438	1375642862.38	34739.655	127368088.0	2976.04280029
zh-zh-TW	KH	2930	9163.33897438	1375642862.38	2215.691	14952665.0	2447.05633105
zh-zh-TW	KR	52700	9163.33897438	1375642862.38	31713.669	48860500.0	2032.11282378
zh-zh-TW	LA	2330	9163.33897438	1375642862.38	2658.929	6586266.0	1890.9071649
zh-zh-TW	MM	3910	9163.33897438	1375642862.38	1324.627	54584650.0	1598.48591756
zh-zh-TW	MN	5970	9163.33897438	1375642862.38	4743.748	3179997.0	1223.52816553
zh-zh-TW	MY	10600	9163.33897438	1375642862.38	15567.932	29179952.0	3697.18294427
zh-zh-TW	NZ	6520	9163.33897438	1375642862.38	27668.367	4327944.0	11071.2065043
zh-zh-TW	PH	8040	9163.33897438	1375642862.38	4072.879	103775002.0	2984.88147208
zh-zh-TW	PG	190	9163.33897438	1375642862.38	2532.198	6310129.0	6333.86954961
zh-zh-TW	SG	22200	9163.33897438	1375642862.38	59711.239	5353494.0	3743.09605647
zh-zh-TW	TH	15800	9163.33897438	1375642862.38	9396.242	67091089.0	2280.03825885
zh-zh-TW	VN	10300	9163.33897438	1375642862.38	3358.671	91519289.0	2113.73354203
zh-zh-TW	TW	259000	9163.33897438	1375642862.38	37719.617	23113901.0	1969.25921689
en	AO	51900	25608.9851135	699517110.371	5894.617	18056072.0	13200.9181681
en	BI	6500	25608.9851135	699517110.371	614.52	10557259.0	13474.2463518
en	BJ	5470	25608.9851135	699517110.371	1481.063	9598787.0	10243.9989409
en	BF	21900	25608.9851135	699517110.371	1466.143	17275115.0	9638.6827685
en	BW	5080	25608.9851135	699517110.371	16029.809	2098018.0	14299.8137589
en	CF	1790	25608.9851135	699517110.371	767.615	5057208.0	11940.5459986
en	CI	25400	25608.9851135	699517110.371	1589.83	21952093.0	9745.11966796
en	CM	11200	25608.9851135	699517110.371	2257.125	20129878.0	11303.8154477
en	CG	3485	25608.9851135	699517110.371	4589.098	4366266.0	12075.3620675
en	ER	2750	25608.9851135	699517110.371	735.471	6086495.0	12507.5212623
en	ET	5760	25608.9851135	699517110.371	1092.629	93815992.0	13080.1583805
en	GA	10500	25608.9851135	699517110.371	1943.429	1840454.0	11805.6597874
en	GH	57800	25608.9851135	699517110.371	3083.293	25241998.0	9997.94017733
en	GN	14800	25608.9851135	699517110.371	1082.635	10884958.0	9109.73886578
en	GA	2760	25608.9851135	699517110.371	1943.429	1840454.0	11805.6597874
en	GW	1690	25608.9851135	699517110.371	1144.064	1628603.0	8615.57074013
en	KE	26700	25608.9851135	699517110.371	1745.962	43013341.0	13695.6854541
en	LR	7640	25608.9851135	699517110.371	456.442	3887886.0	9469.83891062
en	LS	1860	25608.9851135	699517110.371	1959.77	1930493.0	15097.2178776
en	MG	9940	25608.9851135	699517110.371	933.598	22585517.0	16075.4007215
en	ML	55000	25608.9851135	699517110.371	1127.518	14533511.0	9188.69170399
en	MZ	8360	25608.9851135	699517110.371	1084.899	23515934.0	14982.3027045
en	MR	5490	25608.9851135	699517110.371	2178.628	3359185.0	8320.47442634
en	MU	3230	25608.9851135	699517110.371	14954.0	1313095.0	16881.0917208
en	MW	8510	25608.9851135	699517110.371	859.851	16323044.0	14560.3070729
en	NA	6020	25608.9851135	699517110.371	7363.177	2165828.0	13702.0202488
en	NE	16800	25608.9851135	699517110.371	771.08	17078839.0	10228.0792412
en	NG	96800	25608.9851135	699517110.371	2578.249	170123740.0	10678.4437725
en	RW	11800	25608.9851135	699517110.371	1340.532	11689696.0	13354.6921476
en	SD	20200	25608.9851135	699517110.371	2726.416	34206710.0	11844.6188645
en	SN	14100	25608.9851135	699517110.371	1870.988	12969606.0	8562.16096429
en	SL	6570	25608.9851135	699517110.371	848.816	5485998.0	9158.18749515
en	TD	29300	25608.9851135	699517110.371	1865.12	10975648.0	11149.004861
en	TG	17800	25608.9851135	699517110.371	898.663	6961049.0	10263.126018
en	TZ	10700	25608.9851135	699517110.371	1514.885	43601796.0	14059.7463443
en	UG	17500	25608.9851135	699517110.371	1317.258	35873253.0	13252.3643636
en	ZA	334000	25608.9851135	699517110.371	10973.006	48810427.0	14931.8852
en	CD	2590	25608.9851135	699517110.371	348.098	73599190.0	12806.4887351
en	ZM	6770	25608.9851135	699517110.371	1610.722	14309466.0	14340.7541841
en	ZW	20100	25608.9851135	699517110.371	487.197	12619600.0	14531.5372939
en	AF	460000	25608.9851135	699517110.371	956.448	30419928.0	11766.6037014
en	BD	23500	25608.9851135	699517110.371	1692.957	161083804.0	12866.1429753
en	BT	2280	25608.9851135	699517110.371	6112.043	716896.0	12473.6311222
en	IN	658000	25608.9851135	699517110.371	3693.529	1205073612.0	13350.8782422
en	LK	28900	25608.9851135	699517110.371	5673.689	21481334.0	14812.500504
en	NP	13000	25608.9851135	699517110.371	1327.999	29890686.0	12472.125776
en	PK	318000	25608.9851135	699517110.371	2786.946	190291129.0	12165.214356
en	CA	419000	25608.9851135	699517110.371	40541.093	34300083.0	2250.88834551
en	US	5844500	25608.9851135	699517110.371	48386.686	313847465.0	9.49651002884e-06
en	AE	20600	25608.9851135	699517110.371	48157.836	5314317.0	12372.9865544
en	DZ	17400	25608.9851135	699517110.371	7333.226	35406303.0	8957.00894398
en	EG	30700	25608.9851135	699517110.371	6539.844	83688164.0	10879.6728268
en	IR	184000	25608.9851135	699517110.371	13053.422	78868711.0	11511.8270284
en	IQ	107000	25608.9851135	699517110.371	3885.623	31129225.0	11052.1137709
en	IL	326000	25608.9851135	699517110.371	30975.092	7590758.0	10743.0625563
en	JO	74400	25608.9851135	699517110.371	5899.677	6508887.0	10855.4666526
en	KW	16300	25608.9851135	699517110.371	41690.642	2646314.0	11561.0787891
en	LB	23800	25608.9851135	699517110.371	15522.766	4140289.0	10583.8953894
en	LY	11200	25608.9851135	699517110.371	5786.653	6733620.0	10200.8344555
en	MA	6160	25608.9851135	699517110.371	5052.25	32309239.0	8077.25905849
en	OM	10700	25608.9851135	699517110.371	26519.429	3090150.0	12796.1414215
en	QA	46000	25608.9851135	699517110.371	102943.321	1951591.0	12110.2574062
en	SA	24300	25608.9851135	699517110.371	24237.401	26534504.0	11881.7272393
en	TN	6400	25608.9851135	699517110.371	9477.511	10732900.0	8948.73983421
en	YE	25200	25608.9851135	699517110.371	2306.695	24771809.0	12935.0265253
en	AR	745000	25608.9851135	699517110.371	17516.147	42192494.0	8947.5656784
en	BO	103000	25608.9851135	699517110.371	4789.212	10290003.0	7216.05032013
en	BR	91200	25608.9851135	699517110.371	11769.411	205716890.0	7130.84132571
en	CL	381000	25608.9851135	699517110.371	17221.689	17067369.0	8273.22808916
en	CO	265000	25608.9851135	699517110.371	10248.589	45239079.0	4797.28562008
en	CR	65500	25608.9851135	699517110.371	11927.454	4636348.0	3617.62468984
en	DO	8070	25608.9851135	699517110.371	9286.724	10088598.0	3533.70851981
en	EC	123000	25608.9851135	699517110.371	8492.429	15223680.0	5124.272357
en	GT	51100	25608.9851135	699517110.371	5069.694	14099032.0	2824.35956754
en	HN	101000	25608.9851135	699517110.371	4345.148	8296693.0	3001.24302915
en	HT	118000	25608.9851135	699517110.371	1234.953	9801664.0	3409.72377965
en	JM	20900	25608.9851135	699517110.371	9029.301	2889187.0	3139.27674816
en	MX	406000	25608.9851135	699517110.371	14609.77	114975406.0	1899.32137614
en	NI	45400	25608.9851135	699517110.371	3205.615	5727707.0	3267.14515346
en	PA	31700	25608.9851135	699517110.371	14096.703	3510045.0	3892.77644764
en	PE	58300	25608.9851135	699517110.371	10062.44	29549517.0	6011.7307532
en	PY	119000	25608.9851135	699517110.371	5412.699	6541591.0	8157.4377391
en	SV	117000	25608.9851135	699517110.371	7549.79	6090646.0	3041.61751833
en	UY	132000	25608.9851135	699517110.371	15112.562	3316328.0	9209.26289487
en	VE	333000	25608.9851135	699517110.371	12568.029	28047938.0	4795.83734818
en	AL	6790	25608.9851135	699517110.371	7741.428	3002859.0	9096.64216358
en	AM	13200	25608.9851135	699517110.371	5384.089	2970495.0	10404.1183125
en	AT	57400	25608.9851135	699517110.371	41822.0	8219743.0	8223.85215024
en	AZ	10500	25608.9851135	699517110.371	10201.604	9493600.0	10448.3486477
en	BE	21800	25608.9851135	699517110.371	37736.857	10438353.0	7450.94953698
en	BG	38100	25608.9851135	699517110.371	13597.403	7037935.0	9204.50177188
en	BA	1540	25608.9851135	699517110.371	8133.004	4622292.0	8712.96838769
en	BY	17700	25608.9851135	699517110.371	15028.295	9542883.0	8491.75323656
en	CH	36100	25608.9851135	699517110.371	43369.711	7655628.0	7941.72342653
en	CZ	12100	25608.9851135	699517110.371	27062.243	10177300.0	8133.25236512
en	DE	401000	25608.9851135	699517110.371	37896.948	81305856.0	7766.01184964
en	DK	21900	25608.9851135	699517110.371	37151.508	5543453.0	7428.6471982
en	ES	147000	25608.9851135	699517110.371	30625.747	47042984.0	7631.39646681
en	EE	12200	25608.9851135	699517110.371	20379.764	1274709.0	7904.37902493
en	FI	19800	25608.9851135	699517110.371	36235.97	5262930.0	7494.80233941
en	FR	1110000	25608.9851135	699517110.371	35156.451	65630692.0	7644.69810747
en	GB	1385250	25608.9851135	699517110.371	36089.595	63047162.0	6804.56969354
en	GE	71200	25608.9851135	699517110.371	5491.091	4570934.0	10148.6343415
en	GR	118000	25608.9851135	699517110.371	26293.949	10767827.0	9375.85600564
en	HR	9740	25608.9851135	699517110.371	18191.682	4480043.0	8510.07936169
en	HU	13900	25608.9851135	699517110.371	19591.395	9958453.0	8610.96736014
en	IE	154000	25608.9851135	699517110.371	39638.6	4722028.0	6623.32775104
en	IT	101000	25608.9851135	699517110.371	30464.429	61261254.0	8532.7084541
en	KZ	20000	25608.9851135	699517110.371	13001.396	17522010.0	10162.7852345
en	KG	7760	25608.9851135	699517110.371	2372.405	5496737.0	11007.405151
en	LT	6330	25608.9851135	699517110.371	18856.187	3525761.0	8070.57248368
en	MK	4940	25608.9851135	699517110.371	10366.766	2082370.0	9140.72286817
en	NL	34100	25608.9851135	699517110.371	42183.002	16730632.0	7440.66576386
en	NO	20500	25608.9851135	699517110.371	53470.697	4707270.0	7031.40935306
en	PL	22800	25608.9851135	699517110.371	20334.191	38415284.0	8211.82271707
en	PT	433000	25608.9851135	699517110.371	23361.25	10781459.0	7378.30331199
en	RO	65700	25608.9851135	699517110.371	12476.463	21848504.0	8950.00511651
en	RU	308000	25608.9851135	699517110.371	16736.048	138082178.0	8787.8231298
en	RS	46500	25608.9851135	699517110.371	10641.991	7276604.0	8907.60622818
en	SK	14300	25608.9851135	699517110.371	23303.874	5483088.0	8451.68072794
en	SI	18700	25608.9851135	699517110.371	28641.568	1996617.0	8408.15380682
en	SE	30400	25608.9851135	699517110.371	40393.561	9103788.0	7239.25199185
en	TJ	2870	25608.9851135	699517110.371	2066.589	7768385.0	11189.4429082
en	TM	3550	25608.9851135	699517110.371	7846.351	5054828.0	10879.876841
en	TR	43000	25608.9851135	699517110.371	14517.446	79749461.0	10054.2233894
en	UA	82800	25608.9851135	699517110.371	7233.151	44854065.0	9014.75847673
en	UZ	7600	25608.9851135	699517110.371	3302.102	28394180.0	10780.1315911
en	AU	739000	25608.9851135	699517110.371	40234.321	22015576.0	14810.2559828
en	CN	1430000	25608.9851135	699517110.371	8382.014	1343239923.0	11353.7720619
en	HK	107000	25608.9851135	699517110.371	49137.468	7153519.0	12325.614876
en	ID	195000	25608.9851135	699517110.371	4666.007	248216193.0	14552.8338939
en	JP	421000	25608.9851135	699517110.371	34739.655	127368088.0	9792.23961633
en	KH	4520	25608.9851135	699517110.371	2215.691	14952665.0	13659.1881342
en	KR	94100	25608.9851135	699517110.371	31713.669	48860500.0	10265.5788271
en	LA	7360	25608.9851135	699517110.371	2658.929	6586266.0	13139.6080735
en	MM	13100	25608.9851135	699517110.371	1324.627	54584650.0	12932.0673449
en	MN	5160	25608.9851135	699517110.371	4743.748	3179997.0	10190.4636489
en	MY	72700	25608.9851135	699517110.371	15567.932	29179952.0	14347.3701354
en	NZ	124000	25608.9851135	699517110.371	27668.367	4327944.0	12653.3532727
en	PH	34500	25608.9851135	699517110.371	4072.879	103775002.0	12802.8936721
en	PG	3240	25608.9851135	699517110.371	2532.198	6310129.0	12513.5486533
en	SG	67200	25608.9851135	699517110.371	59711.239	5353494.0	14904.7149801
en	TH	44400	25608.9851135	699517110.371	9396.242	67091089.0	13626.183434
en	VN	52300	25608.9851135	699517110.371	3358.671	91519289.0	13217.8675098
en	TW	49800	25608.9851135	699517110.371	37719.617	23113901.0	11820.7822368
es	AO	7380	16841.7486606	394839216.769	5894.617	18056072.0	13651.2833115
es	BI	803	16841.7486606	394839216.769	614.52	10557259.0	14425.4729736
es	BJ	213	16841.7486606	394839216.769	1481.063	9598787.0	11028.237175
es	BF	1610	16841.7486606	394839216.769	1466.143	17275115.0	10443.4371288
es	BW	223	16841.7486606	394839216.769	16029.809	2098018.0	14503.6329306
es	CF	208	16841.7486606	394839216.769	767.615	5057208.0	12985.293399
es	CI	10400	16841.7486606	394839216.769	1589.83	21952093.0	10372.2938526
es	CM	6330	16841.7486606	394839216.769	2257.125	20129878.0	12164.1415304
es	CG	1604	16841.7486606	394839216.769	4589.098	4366266.0	12805.7674376
es	ER	637	16841.7486606	394839216.769	735.471	6086495.0	14031.3373006
es	ET	2920	16841.7486606	394839216.769	1092.629	93815992.0	14469.1876287
es	GA	778	16841.7486606	394839216.769	1943.429	1840454.0	12477.5936858
es	GH	10700	16841.7486606	394839216.769	3083.293	25241998.0	10674.0954112
es	GN	4840	16841.7486606	394839216.769	1082.635	10884958.0	9736.43333384
es	GA	1240	16841.7486606	394839216.769	1943.429	1840454.0	12477.5936858
es	GW	863	16841.7486606	394839216.769	1144.064	1628603.0	9190.38145464
es	KE	810	16841.7486606	394839216.769	1745.962	43013341.0	14936.437071
es	LR	2160	16841.7486606	394839216.769	456.442	3887886.0	9983.03714985
es	LS	118	16841.7486606	394839216.769	1959.77	1930493.0	15042.6837421
es	MG	1250	16841.7486606	394839216.769	933.598	22585517.0	16801.7666144
es	ML	2300	16841.7486606	394839216.769	1127.518	14533511.0	10063.4094993
es	MZ	2280	16841.7486606	394839216.769	1084.899	23515934.0	15529.4145081
es	MR	3400	16841.7486606	394839216.769	2178.628	3359185.0	9156.45493406
es	MU	63400	16841.7486606	394839216.769	14954.0	1313095.0	17891.1803098
es	MW	806	16841.7486606	394839216.769	859.851	16323044.0	15273.3611714
es	NA	1250	16841.7486606	394839216.769	7363.177	2165828.0	13799.8167769
es	NE	2200	16841.7486606	394839216.769	771.08	17078839.0	11261.0118903
es	NG	14700	16841.7486606	394839216.769	2578.249	170123740.0	11569.719224
es	RW	1750	16841.7486606	394839216.769	1340.532	11689696.0	14347.6537171
es	SD	4050	16841.7486606	394839216.769	2726.416	34206710.0	13233.2017779
es	SN	3750	16841.7486606	394839216.769	1870.988	12969606.0	9207.49139208
es	SL	1370	16841.7486606	394839216.769	848.816	5485998.0	9693.1198536
es	TD	2770	16841.7486606	394839216.769	1865.12	10975648.0	12335.893287
es	TG	1850	16841.7486606	394839216.769	898.663	6961049.0	10991.2553259
es	TZ	2160	16841.7486606	394839216.769	1514.885	43601796.0	15045.4993556
es	UG	2530	16841.7486606	394839216.769	1317.258	35873253.0	14410.7427858
es	ZA	137000	16841.7486606	394839216.769	10973.006	48810427.0	14829.9199058
es	CD	1693	16841.7486606	394839216.769	348.098	73599190.0	13752.4622959
es	ZM	1490	16841.7486606	394839216.769	1610.722	14309466.0	14917.3962228
es	ZW	937	16841.7486606	394839216.769	487.197	12619600.0	14936.3700173
es	AF	35100	16841.7486606	394839216.769	956.448	30419928.0	13663.6846442
es	BD	1940	16841.7486606	394839216.769	1692.957	161083804.0	14635.2553981
es	BT	126	16841.7486606	394839216.769	6112.043	716896.0	14246.0160042
es	IN	35300	16841.7486606	394839216.769	3693.529	1205073612.0	15237.2562001
es	LK	1760	16841.7486606	394839216.769	5673.689	21481334.0	16668.5499505
es	NP	1990	16841.7486606	394839216.769	1327.999	29890686.0	14312.2208432
es	PK	17700	16841.7486606	394839216.769	2786.946	190291129.0	14064.5042001
es	CA	50700	16841.7486606	394839216.769	40541.093	34300083.0	4142.12985221
es	US	298525	16841.7486606	394839216.769	48386.686	313847465.0	1899.32137614
es	AE	5700	16841.7486606	394839216.769	48157.836	5314317.0	14186.1050357
es	DZ	11000	16841.7486606	394839216.769	7333.226	35406303.0	10182.2667389
es	EG	15200	16841.7486606	394839216.769	6539.844	83688164.0	12435.8295916
es	IR	71800	16841.7486606	394839216.769	13053.422	78868711.0	13350.798215
es	IQ	22500	16841.7486606	394839216.769	3885.623	31129225.0	12823.7564691
es	IL	54300	16841.7486606	394839216.769	30975.092	7590758.0	12409.0537302
es	JO	5290	16841.7486606	394839216.769	5899.677	6508887.0	12530.1708331
es	KW	2780	16841.7486606	394839216.769	41690.642	2646314.0	13345.1590102
es	LB	7710	16841.7486606	394839216.769	15522.766	4140289.0	12283.9566703
es	LY	4890	16841.7486606	394839216.769	5786.653	6733620.0	11550.868132
es	MA	22000	16841.7486606	394839216.769	5052.25	32309239.0	9295.91620001
es	OM	1370	16841.7486606	394839216.769	26519.429	3090150.0	14623.6695547
es	QA	10600	16841.7486606	394839216.769	102943.321	1951591.0	13904.7162157
es	SA	4230	16841.7486606	394839216.769	24237.401	26534504.0	13604.8220104
es	TN	3650	16841.7486606	394839216.769	9477.511	10732900.0	10361.3027408
es	YE	5260	16841.7486606	394839216.769	2306.695	24771809.0	14603.3564629
es	AR	441000	16841.7486606	394839216.769	17516.147	42192494.0	7506.77486645
es	BO	94900	16841.7486606	394839216.769	4789.212	10290003.0	5998.51879915
es	BR	239000	16841.7486606	394839216.769	11769.411	205716890.0	6296.258317
es	CL	198000	16841.7486606	394839216.769	17221.689	17067369.0	6762.10283531
es	CO	209000	16841.7486606	394839216.769	10248.589	45239079.0	3855.74765178
es	CR	53200	16841.7486606	394839216.769	11927.454	4636348.0	2398.66068044
es	DO	45100	16841.7486606	394839216.769	9286.724	10088598.0	3277.74814833
es	EC	119000	16841.7486606	394839216.769	8492.429	15223680.0	3844.72548444
es	GT	42300	16841.7486606	394839216.769	5069.694	14099032.0	1488.22967291
es	HN	64100	16841.7486606	394839216.769	4345.148	8296693.0	1855.14204174
es	HT	56200	16841.7486606	394839216.769	1234.953	9801664.0	3098.7088238
es	JM	7250	16841.7486606	394839216.769	9029.301	2889187.0	2601.19251487
es	MX	490000	16841.7486606	394839216.769	14609.77	114975406.0	9.49651002884e-06
es	NI	40400	16841.7486606	394839216.769	3205.615	5727707.0	2111.44034564
es	PA	76700	16841.7486606	394839216.769	14096.703	3510045.0	2813.95398167
es	PE	152000	16841.7486606	394839216.769	10062.44	29549517.0	4635.53260945
es	PY	88200	16841.7486606	394839216.769	5412.699	6541591.0	6986.7831572
es	SV	112000	16841.7486606	394839216.769	7549.79	6090646.0	1714.56659501
es	UY	105000	16841.7486606	394839216.769	15112.562	3316328.0	7911.46108339
es	VE	220000	16841.7486606	394839216.769	12568.029	28047938.0	4186.97856958
es	AL	1570	16841.7486606	394839216.769	7741.428	3002859.0	10724.6762531
es	AM	3380	16841.7486606	394839216.769	5384.089	2970495.0	12223.1412533
es	AT	16600	16841.7486606	394839216.769	41822.0	8219743.0	9880.85520942
es	AZ	183	16841.7486606	394839216.769	10201.604	9493600.0	12285.0240785
es	BE	25600	16841.7486606	394839216.769	37736.857	10438353.0	9098.20069331
es	BG	7290	16841.7486606	394839216.769	13597.403	7037935.0	10897.3033132
es	BA	1560	16841.7486606	394839216.769	8133.004	4622292.0	10363.7310422
es	BY	4680	16841.7486606	394839216.769	15028.295	9542883.0	10291.4149289
es	CH	44100	16841.7486606	394839216.769	43369.711	7655628.0	9557.5124092
es	CZ	10600	16841.7486606	394839216.769	27062.243	10177300.0	9830.92230766
es	DE	164000	16841.7486606	394839216.769	37896.948	81305856.0	9458.7233962
es	DK	17000	16841.7486606	394839216.769	37151.508	5543453.0	9172.7349323
es	ES	965000	16841.7486606	394839216.769	30625.747	47042984.0	9031.6450659
es	EE	3830	16841.7486606	394839216.769	20379.764	1274709.0	9736.30701472
es	FI	9850	16841.7486606	394839216.769	36235.97	5262930.0	9354.67979047
es	FR	183000	16841.7486606	394839216.769	35156.451	65630692.0	9203.13917828
es	GB	64400	16841.7486606	394839216.769	36089.595	63047162.0	8460.78745143
es	GE	6050	16841.7486606	394839216.769	5491.091	4570934.0	11967.9173561
es	GR	56800	16841.7486606	394839216.769	26293.949	10767827.0	10996.9053497
es	HR	6880	16841.7486606	394839216.769	18191.682	4480043.0	10154.6204537
es	HU	12200	16841.7486606	394839216.769	19591.395	9958453.0	10309.7620161
es	IE	35500	16841.7486606	394839216.769	39638.6	4722028.0	8245.77965644
es	IT	121000	16841.7486606	394839216.769	30464.429	61261254.0	10124.4931059
es	KZ	1070	16841.7486606	394839216.769	13001.396	17522010.0	12061.0864457
es	KG	1580	16841.7486606	394839216.769	2372.405	5496737.0	12895.9115581
es	LT	6190	16841.7486606	394839216.769	18856.187	3525761.0	9874.45598668
es	MK	1310	16841.7486606	394839216.769	10366.766	2082370.0	10796.0538003
es	NL	13100	16841.7486606	394839216.769	42183.002	16730632.0	9120.98409092
es	NO	14400	16841.7486606	394839216.769	53470.697	4707270.0	8837.11273219
es	PL	21000	16841.7486606	394839216.769	20334.191	38415284.0	9962.34649355
es	PT	90100	16841.7486606	394839216.769	23361.25	10781459.0	8734.00856619
es	RO	11500	16841.7486606	394839216.769	12476.463	21848504.0	10673.1012283
es	RU	68400	16841.7486606	394839216.769	16736.048	138082178.0	10574.5100515
es	RS	16000	16841.7486606	394839216.769	10641.991	7276604.0	10579.9850419
es	SK	8830	16841.7486606	394839216.769	23303.874	5483088.0	10165.2707775
es	SI	7790	16841.7486606	394839216.769	28641.568	1996617.0	10064.1048894
es	SE	24300	16841.7486606	394839216.769	40393.561	9103788.0	9058.83021165
es	TJ	664	16841.7486606	394839216.769	2066.589	7768385.0	13086.694315
es	TM	211	16841.7486606	394839216.769	7846.351	5054828.0	12769.3676392
es	TR	30100	16841.7486606	394839216.769	14517.446	79749461.0	11791.3645508
es	UA	10800	16841.7486606	394839216.769	7233.151	44854065.0	10806.9552132
es	UZ	1830	16841.7486606	394839216.769	3302.102	28394180.0	12677.7539446
es	AU	40900	16841.7486606	394839216.769	40234.321	22015576.0	14268.5305862
es	CN	123000	16841.7486606	394839216.769	8382.014	1343239923.0	12969.2235902
es	HK	9390	16841.7486606	394839216.769	49137.468	7153519.0	13644.9023778
es	ID	10100	16841.7486606	394839216.769	4666.007	248216193.0	15092.3105001
es	JP	74800	16841.7486606	394839216.769	34739.655	127368088.0	10923.1373223
es	KH	1860	16841.7486606	394839216.769	2215.691	14952665.0	15053.5648794
es	KR	32600	16841.7486606	394839216.769	31713.669	48860500.0	11570.3368194
es	LA	1130	16841.7486606	394839216.769	2658.929	6586266.0	14598.4510573
es	MM	1450	16841.7486606	394839216.769	1324.627	54584650.0	14567.5351961
es	MN	1200	16841.7486606	394839216.769	4743.748	3179997.0	11876.9614511
es	MY	7210	16841.7486606	394839216.769	15567.932	29179952.0	15327.8702422
es	NZ	501	16841.7486606	394839216.769	27668.367	4327944.0	11228.6078156
es	PH	7080	16841.7486606	394839216.769	4072.879	103775002.0	13777.8778694
es	PG	979	16841.7486606	394839216.769	2532.198	6310129.0	12418.6672448
es	SG	12400	16841.7486606	394839216.769	59711.239	5353494.0	16128.7796295
es	TH	9370	16841.7486606	394839216.769	9396.242	67091089.0	15163.3933339
es	VN	7800	16841.7486606	394839216.769	3358.671	91519289.0	14588.7624386
es	TW	2180	16841.7486606	394839216.769	37719.617	23113901.0	13028.8984891
pt	AO	21300	11727.3772007	235794758.538	5894.617	18056072.0	7997.56976916
pt	BI	182	11727.3772007	235794758.538	614.52	10557259.0	9396.18844786
pt	BJ	655	11727.3772007	235794758.538	1481.063	9598787.0	6697.39270575
pt	BF	745	11727.3772007	235794758.538	1466.143	17275115.0	6387.24863007
pt	BW	176	11727.3772007	235794758.538	16029.809	2098018.0	8470.83315563
pt	CF	294	11727.3772007	235794758.538	767.615	5057208.0	8627.69594451
pt	CI	4488	11727.3772007	235794758.538	1589.83	21952093.0	5888.15984369
pt	CM	3580	11727.3772007	235794758.538	2257.125	20129878.0	7632.69958041
pt	CG	1281	11727.3772007	235794758.538	4589.098	4366266.0	7801.11607602
pt	ER	115	11727.3772007	235794758.538	735.471	6086495.0	10721.4686515
pt	ET	951	11727.3772007	235794758.538	1092.629	93815992.0	10490.4284629
pt	GA	968	11727.3772007	235794758.538	1943.429	1840454.0	7445.56353634
pt	GH	5100	11727.3772007	235794758.538	3083.293	25241998.0	6201.58612984
pt	GN	4580	11727.3772007	235794758.538	1082.635	10884958.0	5497.58843396
pt	GA	151	11727.3772007	235794758.538	1943.429	1840454.0	7445.56353634
pt	GW	2740	11727.3772007	235794758.538	1144.064	1628603.0	5052.83774471
pt	KE	1980	11727.3772007	235794758.538	1745.962	43013341.0	10358.5914884
pt	LR	625	11727.3772007	235794758.538	456.442	3887886.0	5364.40806072
pt	LS	103	11727.3772007	235794758.538	1959.77	1930493.0	8816.71825159
pt	MG	699	11727.3772007	235794758.538	933.598	22585517.0	10860.9014067
pt	ML	1780	11727.3772007	235794758.538	1127.518	14533511.0	6360.82218157
pt	MZ	4550	11727.3772007	235794758.538	1084.899	23515934.0	9663.94814428
pt	MR	209	11727.3772007	235794758.538	2178.628	3359185.0	5769.75202654
pt	MU	14200	11727.3772007	235794758.538	14954.0	1313095.0	11915.4991935
pt	MW	919	11727.3772007	235794758.538	859.851	16323044.0	9645.63278966
pt	NA	1330	11727.3772007	235794758.538	7363.177	2165828.0	7750.83804123
pt	NE	836	11727.3772007	235794758.538	771.08	17078839.0	7513.34939562
pt	NG	5910	11727.3772007	235794758.538	2578.249	170123740.0	7317.35583777
pt	RW	608	11727.3772007	235794758.538	1340.532	11689696.0	9424.56531062
pt	SD	1770	11727.3772007	235794758.538	2726.416	34206710.0	9789.86253521
pt	SN	1380	11727.3772007	235794758.538	1870.988	12969606.0	5252.51681512
pt	SL	546	11727.3772007	235794758.538	848.816	5485998.0	5237.88077886
pt	TD	158	11727.3772007	235794758.538	1865.12	10975648.0	8614.97641243
pt	TG	1480	11727.3772007	235794758.538	898.663	6961049.0	6534.42759058
pt	TZ	2060	11727.3772007	235794758.538	1514.885	43601796.0	9895.00118573
pt	UG	1090	11727.3772007	235794758.538	1317.258	35873253.0	9830.38072333
pt	ZA	47000	11727.3772007	235794758.538	10973.006	48810427.0	8595.4795322
pt	CD	1341	11727.3772007	235794758.538	348.098	73599190.0	8915.45466051
pt	ZM	1410	11727.3772007	235794758.538	1610.722	14309466.0	9193.65776768
pt	ZW	607	11727.3772007	235794758.538	487.197	12619600.0	9026.18328335
pt	AF	9980	11727.3772007	235794758.538	956.448	30419928.0	13495.4721448
pt	BD	603	11727.3772007	235794758.538	1692.957	161083804.0	16001.6805159
pt	BT	58	11727.3772007	235794758.538	6112.043	716896.0	15921.2402924
pt	IN	12200	11727.3772007	235794758.538	3693.529	1205073612.0	14764.1548524
pt	LK	195	11727.3772007	235794758.538	5673.689	21481334.0	15172.8726319
pt	NP	179	11727.3772007	235794758.538	1327.999	29890686.0	15298.7347676
pt	PK	6210	11727.3772007	235794758.538	2786.946	190291129.0	13922.6772141
pt	CA	12600	11727.3772007	235794758.538	40541.093	34300083.0	8588.97104089
pt	US	67372	11727.3772007	235794758.538	48386.686	313847465.0	7130.84132571
pt	AE	2810	11727.3772007	235794758.538	48157.836	5314317.0	12381.8003154
pt	DZ	3760	11727.3772007	235794758.538	7333.226	35406303.0	7531.61260278
pt	EG	1760	11727.3772007	235794758.538	6539.844	83688164.0	10025.7129323
pt	IR	25800	11727.3772007	235794758.538	13053.422	78868711.0	12290.1625003
pt	IQ	7120	11727.3772007	235794758.538	3885.623	31129225.0	11449.0103928
pt	IL	14900	11727.3772007	235794758.538	30975.092	7590758.0	10566.2671517
pt	JO	1290	11727.3772007	235794758.538	5899.677	6508887.0	10675.752769
pt	KW	583	11727.3772007	235794758.538	41690.642	2646314.0	11783.9864072
pt	LB	2660	11727.3772007	235794758.538	15522.766	4140289.0	10704.0396876
pt	LY	1730	11727.3772007	235794758.538	5786.653	6733620.0	8711.66801441
pt	MA	2210	11727.3772007	235794758.538	5052.25	32309239.0	7072.94661717
pt	OM	33	11727.3772007	235794758.538	26519.429	3090150.0	12679.5422287
pt	QA	2730	11727.3772007	235794758.538	102943.321	1951591.0	12110.0493479
pt	SA	3060	11727.3772007	235794758.538	24237.401	26534504.0	11479.0744557
pt	TN	1720	11727.3772007	235794758.538	9477.511	10732900.0	8329.15029765
pt	YE	1580	11727.3772007	235794758.538	2306.695	24771809.0	11632.8973186
pt	AR	38200	11727.3772007	235794758.538	17516.147	42192494.0	2822.8833666
pt	BO	8390	11727.3772007	235794758.538	4789.212	10290003.0	1331.97028966
pt	BR	477000	11727.3772007	235794758.538	11769.411	205716890.0	9.49651002884e-05
pt	CL	23900	11727.3772007	235794758.538	17221.689	17067369.0	2775.52131523
pt	CO	14500	11727.3772007	235794758.538	10248.589	45239079.0	2443.90233801
pt	CR	2740	11727.3772007	235794758.538	11927.454	4636348.0	3904.79565239
pt	DO	2530	11727.3772007	235794758.538	9286.724	10088598.0	3654.68875306
pt	EC	7320	11727.3772007	235794758.538	8492.429	15223680.0	2641.10354213
pt	GT	1740	11727.3772007	235794758.538	5069.694	14099032.0	4808.74744296
pt	HN	4250	11727.3772007	235794758.538	4345.148	8296693.0	4448.32952523
pt	HT	13200	11727.3772007	235794758.538	1234.953	9801664.0	3748.72971043
pt	JM	953	11727.3772007	235794758.538	9029.301	2889187.0	3996.89014642
pt	MX	27900	11727.3772007	235794758.538	14609.77	114975406.0	6296.258317
pt	NI	1080	11727.3772007	235794758.538	3205.615	5727707.0	4185.81699475
pt	PA	1480	11727.3772007	235794758.538	14096.703	3510045.0	3482.39027971
pt	PE	7540	11727.3772007	235794758.538	10062.44	29549517.0	2299.94668705
pt	PY	14700	11727.3772007	235794758.538	5412.699	6541591.0	1479.96796111
pt	SV	1510	11727.3772007	235794758.538	7549.79	6090646.0	4586.489887
pt	UY	16300	11727.3772007	235794758.538	15112.562	3316328.0	2560.33712758
pt	VE	13200	11727.3772007	235794758.538	12568.029	28047938.0	2343.66559175
pt	AL	156	11727.3772007	235794758.538	7741.428	3002859.0	9510.25870164
pt	AM	217	11727.3772007	235794758.538	5384.089	2970495.0	11572.4896813
pt	AT	4150	11727.3772007	235794758.538	41822.0	8219743.0	9252.18906376
pt	AZ	619	11727.3772007	235794758.538	10201.604	9493600.0	11785.1897873
pt	BE	6610	11727.3772007	235794758.538	37736.857	10438353.0	8820.22145508
pt	BG	3270	11727.3772007	235794758.538	13597.403	7037935.0	9968.36109884
pt	BA	215	11727.3772007	235794758.538	8133.004	4622292.0	9455.30076793
pt	BY	527	11727.3772007	235794758.538	15028.295	9542883.0	10434.5025434
pt	CH	12900	11727.3772007	235794758.538	43369.711	7655628.0	8870.74008532
pt	CZ	1460	11727.3772007	235794758.538	27062.243	10177300.0	9467.7102891
pt	DE	42500	11727.3772007	235794758.538	37896.948	81305856.0	9254.78264774
pt	DK	5320	11727.3772007	235794758.538	37151.508	5543453.0	9444.18279617
pt	ES	46800	11727.3772007	235794758.538	30625.747	47042984.0	7642.21958425
pt	EE	1130	11727.3772007	235794758.538	20379.764	1274709.0	10453.9650021
pt	FI	2400	11727.3772007	235794758.538	36235.97	5262930.0	10575.6865652
pt	FR	47500	11727.3772007	235794758.538	35156.451	65630692.0	8415.63102239
pt	GB	15200	11727.3772007	235794758.538	36089.595	63047162.0	8572.21674362
pt	GE	1550	11727.3772007	235794758.538	5491.091	4570934.0	11452.8538153
pt	GR	17800	11727.3772007	235794758.538	26293.949	10767827.0	9609.6634783
pt	HR	1860	11727.3772007	235794758.538	18191.682	4480043.0	9317.02007172
pt	HU	5340	11727.3772007	235794758.538	19591.395	9958453.0	9712.10090134
pt	IE	10600	11727.3772007	235794758.538	39638.6	4722028.0	8297.98563014
pt	IT	38600	11727.3772007	235794758.538	30464.429	61261254.0	9022.56587406
pt	KZ	898	11727.3772007	235794758.538	13001.396	17522010.0	13259.2105124
pt	KG	744	11727.3772007	235794758.538	2372.405	5496737.0	14045.6256104
pt	LT	1200	11727.3772007	235794758.538	18856.187	3525761.0	10258.5477216
pt	MK	182	11727.3772007	235794758.538	10366.766	2082370.0	9696.72238048
pt	NL	19400	11727.3772007	235794758.538	42183.002	16730632.0	9017.77189173
pt	NO	3930	11727.3772007	235794758.538	53470.697	4707270.0	9742.48886091
pt	PL	5830	11727.3772007	235794758.538	20334.191	38415284.0	9882.65889206
pt	PT	90700	11727.3772007	235794758.538	23361.25	10781459.0	7333.76287799
pt	RO	2620	11727.3772007	235794758.538	12476.463	21848504.0	10049.6782289
pt	RU	22200	11727.3772007	235794758.538	16736.048	138082178.0	14085.0977369
pt	RS	7390	11727.3772007	235794758.538	10641.991	7276604.0	9687.09026196
pt	SK	3450	11727.3772007	235794758.538	23303.874	5483088.0	9733.85522644
pt	SI	2970	11727.3772007	235794758.538	28641.568	1996617.0	9336.3200082
pt	SE	6790	11727.3772007	235794758.538	40393.561	9103788.0	9980.04928241
pt	TJ	44	11727.3772007	235794758.538	2066.589	7768385.0	13792.058308
pt	TM	44	11727.3772007	235794758.538	7846.351	5054828.0	12846.5780847
pt	TR	12300	11727.3772007	235794758.538	14517.446	79749461.0	10701.8444114
pt	UA	4700	11727.3772007	235794758.538	7233.151	44854065.0	10631.3769523
pt	UZ	867	11727.3772007	235794758.538	3302.102	28394180.0	13130.9190321
pt	AU	14700	11727.3772007	235794758.538	40234.321	22015576.0	15980.1123726
pt	CN	37800	11727.3772007	235794758.538	8382.014	1343239923.0	16579.3141867
pt	HK	3960	11727.3772007	235794758.538	49137.468	7153519.0	18235.3474526
pt	ID	4020	11727.3772007	235794758.538	4666.007	248216193.0	18263.3442542
pt	JP	23800	11727.3772007	235794758.538	34739.655	127368088.0	16845.4065798
pt	KH	158	11727.3772007	235794758.538	2215.691	14952665.0	17816.7586425
pt	KR	19300	11727.3772007	235794758.538	31713.669	48860500.0	17007.6731127
pt	LA	88	11727.3772007	235794758.538	2658.929	6586266.0	17689.1611432
pt	MM	562	11727.3772007	235794758.538	1324.627	54584650.0	16848.7667121
pt	MN	141	11727.3772007	235794758.538	4743.748	3179997.0	15589.2170732
pt	MY	2860	11727.3772007	235794758.538	15567.932	29179952.0	18407.9155201
pt	NZ	4770	11727.3772007	235794758.538	27668.367	4327944.0	12384.6378349
pt	PH	1790	11727.3772007	235794758.538	4072.879	103775002.0	19554.2050333
pt	PG	126	11727.3772007	235794758.538	2532.198	6310129.0	17003.2918768
pt	SG	3810	11727.3772007	235794758.538	59711.239	5353494.0	17488.2419538
pt	TH	3540	11727.3772007	235794758.538	9396.242	67091089.0	17252.1384348
pt	VN	1130	11727.3772007	235794758.538	3358.671	91519289.0	18040.3576388
pt	TW	3130	11727.3772007	235794758.538	37719.617	23113901.0	18407.4316499
it	AO	945	30202.3555627	64234849.88	5894.617	18056072.0	6181.78780615
it	BI	143	30202.3555627	64234849.88	614.52	10557259.0	5435.09939453
it	BJ	133	30202.3555627	64234849.88	1481.063	9598787.0	3848.01746337
it	BF	779	30202.3555627	64234849.88	1466.143	17275115.0	3611.73679955
it	BW	82	30202.3555627	64234849.88	16029.809	2098018.0	7301.74388435
it	CF	52	30202.3555627	64234849.88	767.615	5057208.0	4065.40102734
it	CI	2400	30202.3555627	64234849.88	1589.83	21952093.0	4248.28539942
it	CM	1670	30202.3555627	64234849.88	2257.125	20129878.0	4097.78545288
it	CG	395	30202.3555627	64234849.88	4589.098	4366266.0	4880.3960938
it	ER	509	30202.3555627	64234849.88	735.471	6086495.0	3974.93202519
it	ET	762	30202.3555627	64234849.88	1092.629	93815992.0	4587.81851201
it	GA	108	30202.3555627	64234849.88	1943.429	1840454.0	4876.78022577
it	GH	2310	30202.3555627	64234849.88	3083.293	25241998.0	4136.83993639
it	GN	616	30202.3555627	64234849.88	1082.635	10884958.0	4172.97590463
it	GA	45	30202.3555627	64234849.88	1943.429	1840454.0	4876.78022577
it	GW	63	30202.3555627	64234849.88	1144.064	1628603.0	4352.82830342
it	KE	1360	30202.3555627	64234849.88	1745.962	43013341.0	5284.31222509
it	LR	105	30202.3555627	64234849.88	456.442	3887886.0	4597.02687938
it	LS	43	30202.3555627	64234849.88	1959.77	1930493.0	8198.65985755
it	MG	584	30202.3555627	64234849.88	933.598	22585517.0	7815.73335222
it	ML	2700	30202.3555627	64234849.88	1127.518	14533511.0	3285.67486757
it	MZ	188	30202.3555627	64234849.88	1084.899	23515934.0	7163.36346202
it	MR	150	30202.3555627	64234849.88	2178.628	3359185.0	3438.82552814
it	MU	34200	30202.3555627	64234849.88	14954.0	1313095.0	8383.33144174
it	MW	131	30202.3555627	64234849.88	859.851	16323044.0	6627.68390954
it	NA	91	30202.3555627	64234849.88	7363.177	2165828.0	7224.04923658
it	NE	552	30202.3555627	64234849.88	771.08	17078839.0	3019.86593809
it	NG	2430	30202.3555627	64234849.88	2578.249	170123740.0	3682.12195945
it	RW	166	30202.3555627	64234849.88	1340.532	11689696.0	5275.45577636
it	SD	1180	30202.3555627	64234849.88	2726.416	34206710.0	3401.41589006
it	SN	838	30202.3555627	64234849.88	1870.988	12969606.0	4107.30787935
it	SL	148	30202.3555627	64234849.88	848.816	5485998.0	4495.64290917
it	TD	138	30202.3555627	64234849.88	1865.12	10975648.0	3151.38644214
it	TG	943	30202.3555627	64234849.88	898.663	6961049.0	4038.87028931
it	TZ	644	30202.3555627	64234849.88	1514.885	43601796.0	5874.94441961
it	UG	754	30202.3555627	64234849.88	1317.258	35873253.0	4963.95263691
it	ZA	128	30202.3555627	64234849.88	10973.006	48810427.0	8212.30709355
it	CD	416	30202.3555627	64234849.88	348.098	73599190.0	4916.79568261
it	ZM	151	30202.3555627	64234849.88	1610.722	14309466.0	6667.70090391
it	ZW	206	30202.3555627	64234849.88	487.197	12619600.0	7074.33407559
it	AF	13800	30202.3555627	64234849.88	956.448	30419928.0	4711.14413891
it	BD	978	30202.3555627	64234849.88	1692.957	161083804.0	7210.85565253
it	BT	27	30202.3555627	64234849.88	6112.043	716896.0	7015.49913064
it	IN	11100	30202.3555627	64234849.88	3693.529	1205073612.0	6429.57507641
it	LK	732	30202.3555627	64234849.88	5673.689	21481334.0	7707.68086107
it	NP	508	30202.3555627	64234849.88	1327.999	29890686.0	6464.23480721
it	PK	5970	30202.3555627	64234849.88	2786.946	190291129.0	5207.92606267
it	CA	9530	30202.3555627	64234849.88	40541.093	34300083.0	6889.42498509
it	US	31977	30202.3555627	64234849.88	48386.686	313847465.0	8532.7084541
it	AE	1160	30202.3555627	64234849.88	48157.836	5314317.0	4300.29049096
it	DZ	2030	30202.3555627	64234849.88	7333.226	35406303.0	1872.12941262
it	EG	5340	30202.3555627	64234849.88	6539.844	83688164.0	2347.00583481
it	IR	9760	30202.3555627	64234849.88	13053.422	78868711.0	3707.33895807
it	IQ	6580	30202.3555627	64234849.88	3885.623	31129225.0	2924.58510885
it	IL	10100	30202.3555627	64234849.88	30975.092	7590758.0	2304.85889536
it	JO	1340	30202.3555627	64234849.88	5899.677	6508887.0	2432.08224224
it	KW	593	30202.3555627	64234849.88	41690.642	2646314.0	3435.96518463
it	LB	2210	30202.3555627	64234849.88	15522.766	4140289.0	2232.57512128
it	LY	3950	30202.3555627	64234849.88	5786.653	6733620.0	2019.83455487
it	MA	3170	30202.3555627	64234849.88	5052.25	32309239.0	1976.4042795
it	OM	159	30202.3555627	64234849.88	26519.429	3090150.0	4751.18580995
it	QA	2870	30202.3555627	64234849.88	102943.321	1951591.0	3979.50445401
it	SA	2230	30202.3555627	64234849.88	24237.401	26534504.0	3536.61876863
it	TN	1980	30202.3555627	64234849.88	9477.511	10732900.0	1037.4566972
it	YE	1500	30202.3555627	64234849.88	2306.695	24771809.0	4480.28012045
it	AR	14600	30202.3555627	64234849.88	17516.147	42192494.0	11566.4002866
it	BO	659	30202.3555627	64234849.88	4789.212	10290003.0	10335.6751995
it	BR	18400	30202.3555627	64234849.88	11769.411	205716890.0	9022.56587406
it	CL	4860	30202.3555627	64234849.88	17221.689	17067369.0	11764.3559647
it	CO	1910	30202.3555627	64234849.88	10248.589	45239079.0	9287.04821894
it	CR	874	30202.3555627	64234849.88	11927.454	4636348.0	9805.88464477
it	DO	890	30202.3555627	64234849.88	9286.724	10088598.0	8069.97174526
it	EC	954	30202.3555627	64234849.88	8492.429	15223680.0	10189.0936133
it	GT	209	30202.3555627	64234849.88	5069.694	14099032.0	9872.24701487
it	HN	877	30202.3555627	64234849.88	4345.148	8296693.0	9621.1502797
it	HT	6530	30202.3555627	64234849.88	1234.953	9801664.0	8210.288382
it	JM	146	30202.3555627	64234849.88	9029.301	2889187.0	8669.75865268
it	MX	11400	30202.3555627	64234849.88	14609.77	114975406.0	10124.4931059
it	NI	947	30202.3555627	64234849.88	3205.615	5727707.0	9656.47542711
it	PA	699	30202.3555627	64234849.88	14096.703	3510045.0	9560.6848576
it	PE	119	30202.3555627	64234849.88	10062.44	29549517.0	10670.5347252
it	PY	3430	30202.3555627	64234849.88	5412.699	6541591.0	10290.5184114
it	SV	104	30202.3555627	64234849.88	7549.79	6090646.0	9898.83737513
it	UY	3380	30202.3555627	64234849.88	15112.562	3316328.0	10958.7056714
it	VE	1970	30202.3555627	64234849.88	12568.029	28047938.0	8497.2031586
it	AL	1880	30202.3555627	64234849.88	7741.428	3002859.0	626.999383138
it	AM	191	30202.3555627	64234849.88	5384.089	2970495.0	2685.10118235
it	AT	6280	30202.3555627	64234849.88	41822.0	8219743.0	502.06907405
it	AZ	165	30202.3555627	64234849.88	10201.604	9493600.0	2871.8001445
it	BE	7090	30202.3555627	64234849.88	37736.857	10438353.0	1113.51266505
it	BG	2650	30202.3555627	64234849.88	13597.403	7037935.0	990.386624964
it	BA	213	30202.3555627	64234849.88	8133.004	4622292.0	432.747652544
it	BY	1610	30202.3555627	64234849.88	15028.295	9542883.0	1592.89039473
it	CH	16500	30202.3555627	64234849.88	43369.711	7655628.0	599.523787217
it	CZ	3540	30202.3555627	64234849.88	27062.243	10177300.0	787.063278382
it	DE	40200	30202.3555627	64234849.88	37896.948	81305856.0	979.870338277
it	DK	4220	30202.3555627	64234849.88	37151.508	5543453.0	1478.48622166
it	ES	34800	30202.3555627	64234849.88	30625.747	47042984.0	1436.42511392
it	EE	1960	30202.3555627	64234849.88	20379.764	1274709.0	2013.03240771
it	FI	3390	30202.3555627	64234849.88	36235.97	5262930.0	2499.28031153
it	FR	37800	30202.3555627	64234849.88	35156.451	65630692.0	928.995490709
it	GB	5355	30202.3555627	64234849.88	36089.595	63047162.0	1748.50782419
it	GE	1650	30202.3555627	64234849.88	5491.091	4570934.0	2505.99828584
it	GR	16800	30202.3555627	64234849.88	26293.949	10767827.0	879.871805604
it	HR	2710	30202.3555627	64234849.88	18191.682	4480043.0	335.940597071
it	HU	4490	30202.3555627	64234849.88	19591.395	9958453.0	729.84410207
it	IE	9640	30202.3555627	64234849.88	39638.6	4722028.0	1909.58607312
it	IT	184000	30202.3555627	64234849.88	30464.429	61261254.0	9.49651002884e-06
it	KZ	633	30202.3555627	64234849.88	13001.396	17522010.0	4252.43007259
it	KG	553	30202.3555627	64234849.88	2372.405	5496737.0	5029.31316181
it	LT	1120	30202.3555627	64234849.88	18856.187	3525761.0	1667.90059393
it	MK	659	30202.3555627	64234849.88	10366.766	2082370.0	761.50241215
it	NL	3080	30202.3555627	64234849.88	42183.002	16730632.0	1197.64146516
it	NO	3390	30202.3555627	64234849.88	53470.697	4707270.0	2140.05962369
it	PL	7000	30202.3555627	64234849.88	20334.191	38415284.0	1152.17807515
it	PT	10700	30202.3555627	64234849.88	23361.25	10781459.0	1778.52089529
it	RO	5560	30202.3555627	64234849.88	12476.463	21848504.0	1027.50630779
it	RU	15900	30202.3555627	64234849.88	16736.048	138082178.0	5854.44414259
it	RS	6340	30202.3555627	64234849.88	10641.991	7276604.0	672.161556411
it	SK	4110	30202.3555627	64234849.88	23303.874	5483088.0	829.22521572
it	SI	3810	30202.3555627	64234849.88	28641.568	1996617.0	422.614791914
it	SE	6760	30202.3555627	64234849.88	40393.561	9103788.0	2136.67773472
it	TJ	60	30202.3555627	64234849.88	2066.589	7768385.0	4809.92872517
it	TM	107	30202.3555627	64234849.88	7846.351	5054828.0	3895.42119223
it	TR	8400	30202.3555627	64234849.88	14517.446	79749461.0	1895.89742262
it	UA	4480	30202.3555627	64234849.88	7233.151	44854065.0	1628.11430638
it	UZ	169	30202.3555627	64234849.88	3302.102	28394180.0	4135.39398648
it	AU	9540	30202.3555627	64234849.88	40234.321	22015576.0	14446.3598464
it	CN	24200	30202.3555627	64234849.88	8382.014	1343239923.0	7614.14490097
it	HK	3130	30202.3555627	64234849.88	49137.468	7153519.0	9218.07754533
it	ID	1860	30202.3555627	64234849.88	4666.007	248216193.0	11785.3157632
it	JP	14500	30202.3555627	64234849.88	34739.655	127368088.0	9641.40058487
it	KH	528	30202.3555627	64234849.88	2215.691	14952665.0	9206.04263001
it	KR	4900	30202.3555627	64234849.88	31713.669	48860500.0	8956.03135991
it	LA	106	30202.3555627	64234849.88	2658.929	6586266.0	8833.12960249
it	MM	145	30202.3555627	64234849.88	1324.627	54584650.0	7988.73124237
it	MN	180	30202.3555627	64234849.88	4743.748	3179997.0	6893.90120555
it	MY	207	30202.3555627	64234849.88	15567.932	29179952.0	10606.5736756
it	NZ	129	30202.3555627	64234849.88	27668.367	4327944.0	18475.2948842
it	PH	1180	30202.3555627	64234849.88	4072.879	103775002.0	10531.6743477
it	PG	63	30202.3555627	64234849.88	2532.198	6310129.0	13947.7098423
it	SG	3240	30202.3555627	64234849.88	59711.239	5353494.0	9986.168743
it	TH	2080	30202.3555627	64234849.88	9396.242	67091089.0	8655.94885251
it	VN	2130	30202.3555627	64234849.88	3358.671	91519289.0	9193.27254515
it	TW	1880	30202.3555627	64234849.88	37719.617	23113901.0	9579.19877058
